City_ID,City,Lat,Lng,Max Temp,Humidity,Cloudiness,Wind Speed,Country,Date
0,Seoul,37.5683,126.9778,45.84,51,27,1.86,KR,2021-10-24 22:09:14
1,Kruisfontein,-34.0033,24.7314,49.89,81,0,3.11,ZA,2021-10-24 22:07:08
2,Bonthe,7.5264,-12.505,78.22,86,100,5.3,SL,2021-10-24 22:10:11
3,Port Hawkesbury,45.6169,-61.3485,48.58,83,90,8.01,CA,2021-10-24 22:10:11
4,Kodiak,57.79,-152.4072,45.91,76,90,5.75,US,2021-10-24 22:09:20
5,Busselton,-33.65,115.3333,55.04,82,100,9.91,AU,2021-10-24 22:10:12
6,Waingapu,-9.6567,120.2641,78.64,84,79,1.48,ID,2021-10-24 22:05:15
7,Saint-Philippe,-21.3585,55.7679,74.48,83,47,16.37,RE,2021-10-24 22:10:13
8,Tynda,55.1667,124.7167,28.67,94,39,0.27,RU,2021-10-24 22:10:13
9,Labytnangi,66.6572,66.4183,17.24,89,84,6.73,RU,2021-10-24 22:10:13
10,Kangaba,11.9333,-8.4167,79.75,65,78,2.84,ML,2021-10-24 22:10:14
11,Avarua,-21.2078,-159.775,77.05,61,40,13.8,CK,2021-10-24 22:10:14
12,Tasiilaq,65.6145,-37.6368,32.16,86,100,45.54,GL,2021-10-24 22:05:25
13,Victoria,22.2855,114.1577,70.25,73,37,1.99,HK,2021-10-24 22:08:40
14,Itaituba,-4.2761,-55.9836,84.65,61,99,2.75,BR,2021-10-24 22:10:15
15,Atuona,-9.8,-139.0333,77.92,73,2,17.36,PF,2021-10-24 22:10:16
16,Sitka,57.0531,-135.33,49.89,50,40,0.0,US,2021-10-24 22:05:45
17,Punta Arenas,-53.15,-70.9167,44.71,42,40,32.21,CL,2021-10-24 22:08:10
18,Ushuaia,-54.8,-68.3,35.26,64,75,21.85,AR,2021-10-24 22:10:17
19,Mogadishu,2.0371,45.3438,79.43,81,45,13.76,SO,2021-10-24 22:10:17
20,Sao Filipe,14.8961,-24.4956,78.53,72,49,11.18,CV,2021-10-24 22:09:39
21,Vaini,-21.2,-175.2,78.96,78,20,13.8,TO,2021-10-24 22:10:17
22,Provideniya,64.3833,-173.3,24.91,58,0,11.18,RU,2021-10-24 22:09:24
23,Mataura,-46.1927,168.8643,59.34,74,98,3.2,NZ,2021-10-24 22:10:18
24,Iwaki,37.05,140.8833,52.23,70,7,4.32,JP,2021-10-24 22:10:19
25,Margate,51.3813,1.3862,57.88,89,94,1.99,GB,2021-10-24 22:10:19
26,Rikitea,-23.1203,-134.9692,74.73,76,43,16.53,PF,2021-10-24 22:08:53
27,Moba,33.2288,105.0179,44.8,92,100,1.99,CN,2021-10-24 22:10:20
28,Vilyuysk,63.7553,121.6247,30.63,99,100,3.87,RU,2021-10-24 22:10:20
29,Jamestown,42.097,-79.2353,51.39,98,90,3.0,US,2021-10-24 22:08:48
30,Hobart,-42.8794,147.3294,52.02,73,75,5.01,AU,2021-10-24 22:10:21
31,Saryg-Sep,51.5,95.6,30.42,71,94,1.59,RU,2021-10-24 22:10:22
32,Chokurdakh,70.6333,147.9167,-7.29,99,100,2.64,RU,2021-10-24 22:06:31
33,Vitim,59.4511,112.5578,36.32,97,100,11.16,RU,2021-10-24 22:10:23
34,Faanui,-16.4833,-151.75,76.28,87,100,15.19,PF,2021-10-24 22:08:52
35,Puerto Ayora,-0.7393,-90.3518,78.76,86,100,10.85,EC,2021-10-24 22:10:23
36,Pyay,18.8167,95.2167,73.44,95,96,1.83,MM,2021-10-24 22:10:24
37,Vilanova Del Cami,41.5717,1.6375,60.78,83,1,2.15,ES,2021-10-24 22:10:24
38,East London,-33.0153,27.9116,60.13,76,48,11.05,ZA,2021-10-24 22:07:29
39,Hilo,19.7297,-155.09,85.28,83,39,1.99,US,2021-10-24 22:08:34
40,Port Alfred,-33.5906,26.891,59.07,74,12,11.01,ZA,2021-10-24 22:10:25
41,Cape Town,-33.9258,18.4232,59.34,67,0,3.0,ZA,2021-10-24 22:07:24
42,Alvaraes,-3.2208,-64.8042,93.07,84,69,4.47,BR,2021-10-24 22:09:20
43,Longyearbyen,78.2186,15.6401,17.44,79,40,2.3,SJ,2021-10-24 22:08:34
44,Caravelas,-17.7125,-39.2481,77.36,86,2,10.45,BR,2021-10-24 22:10:26
45,Palmer,42.1584,-72.3287,55.2,62,40,4.61,US,2021-10-24 22:10:26
46,Saldanha,-33.0117,17.9442,58.75,78,0,16.13,ZA,2021-10-24 22:10:27
47,Cravo Norte,6.3017,-70.2041,84.51,65,99,7.96,CO,2021-10-24 22:10:27
48,Hamilton,39.1834,-84.5333,74.41,88,1,11.5,US,2021-10-24 22:09:09
49,Lakes Entrance,-37.8811,147.981,54.16,71,88,7.7,AU,2021-10-24 22:10:28
50,Port Elizabeth,-33.918,25.5701,52.11,81,1,3.47,ZA,2021-10-24 22:09:17
51,Narsaq,60.9167,-46.05,32.22,49,98,6.26,GL,2021-10-24 22:10:28
52,North Platte,41.1239,-100.7654,62.49,50,40,7.0,US,2021-10-24 22:10:29
53,Migori,-1.0634,34.4731,65.34,73,47,4.83,KE,2021-10-24 22:10:29
54,Albany,42.6001,-73.9662,53.62,72,94,3.36,US,2021-10-24 22:06:34
55,Bluff,-46.6,168.3333,54.43,90,96,4.32,NZ,2021-10-24 22:10:30
56,Broken Hill,-31.95,141.4333,54.86,44,0,14.41,AU,2021-10-24 22:07:23
57,Souillac,-20.5167,57.5167,75.36,73,40,12.66,MU,2021-10-24 22:10:30
58,Asau,46.4333,26.4,37.96,77,7,2.51,RO,2021-10-24 22:05:58
59,Bredasdorp,-34.5322,20.0403,49.28,77,0,4.21,ZA,2021-10-24 22:10:31
60,Pevek,69.7008,170.3133,6.39,93,100,4.03,RU,2021-10-24 22:10:31
61,Kibaya,-5.3,36.5667,63.54,69,8,5.46,TZ,2021-10-24 22:10:32
62,Pokhara,28.2333,83.9833,59.97,64,0,6.53,NP,2021-10-24 22:10:32
63,Kapaa,22.0752,-159.319,84.18,76,20,4.0,US,2021-10-24 22:10:33
64,Iqaluit,63.7506,-68.5145,29.7,92,82,5.99,CA,2021-10-24 22:10:33
65,Butaritari,3.0707,172.7902,81.48,72,48,3.24,KI,2021-10-24 22:10:34
66,Ventspils,57.3894,21.5606,49.93,81,0,12.66,LV,2021-10-24 22:10:34
67,Wakkanai,45.4094,141.6739,55.4,70,0,16.67,JP,2021-10-24 22:10:35
68,Lebu,-37.6167,-73.65,55.67,85,12,8.57,CL,2021-10-24 22:08:53
69,Mahebourg,-20.4081,57.7,75.25,73,40,12.66,MU,2021-10-24 22:08:47
70,Eureka,40.8021,-124.1637,59.63,74,100,8.01,US,2021-10-24 22:10:35
71,Gat,31.61,34.7642,69.82,100,0,3.11,IL,2021-10-24 22:10:36
72,Airai,-8.9266,125.4092,63.37,75,98,1.28,TL,2021-10-24 22:07:48
73,Vila Franca Do Campo,37.7167,-25.4333,63.01,77,0,5.99,PT,2021-10-24 22:07:36
74,Tevaitoa,-16.7833,-151.5,76.19,88,100,11.27,PF,2021-10-24 22:10:37
75,Andenes,69.3143,16.1194,37.38,65,100,11.5,NO,2021-10-24 22:10:37
76,Sligo,54.2697,-8.4694,48.02,88,26,11.92,IE,2021-10-24 22:10:38
77,Moron,-34.6534,-58.6198,74.95,29,0,4.9,AR,2021-10-24 22:10:38
78,Namatanai,-3.6667,152.4333,82.94,71,91,5.91,PG,2021-10-24 22:09:14
79,Castro,-24.7911,-50.0119,56.71,96,90,3.09,BR,2021-10-24 22:10:39
80,Mumford,5.2618,-0.759,78.19,85,33,5.66,GH,2021-10-24 22:10:39
81,Krasnoselkup,65.7,82.4667,24.82,90,98,21.32,RU,2021-10-24 22:10:40
82,Kuala Terengganu,5.3302,103.1408,77.23,88,90,4.16,MY,2021-10-24 22:10:40
83,Katsuura,35.1333,140.3,57.11,63,64,6.91,JP,2021-10-24 22:10:40
84,Cabedelo,-6.9811,-34.8339,79.47,74,99,8.55,BR,2021-10-24 22:07:57
85,Osa,57.2829,55.4567,37.29,91,98,8.86,RU,2021-10-24 22:10:41
86,Naryan-Mar,67.6713,53.087,20.19,97,82,4.76,RU,2021-10-24 22:10:42
87,Kavieng,-2.5744,150.7967,83.89,70,52,10.69,PG,2021-10-24 22:07:30
88,Tuktoyaktuk,69.4541,-133.0374,26.44,90,88,3.22,CA,2021-10-24 22:10:42
89,Bengkulu,-3.8004,102.2655,75.13,89,100,5.39,ID,2021-10-24 22:10:43
90,Zhigansk,66.7697,123.3711,6.12,100,74,5.61,RU,2021-10-24 22:10:43
91,Tomatlan,19.9333,-105.25,88.75,61,86,9.89,MX,2021-10-24 22:10:44
92,Saint-Augustin,51.226,-58.6502,44.91,89,100,24.94,CA,2021-10-24 22:10:45
93,Nikolskoye,59.7035,30.7861,34.88,80,85,5.66,RU,2021-10-24 22:06:13
94,Necochea,-38.5473,-58.7368,59.49,58,6,6.02,AR,2021-10-24 22:10:45
95,Vostok,46.4856,135.8833,31.71,75,1,4.94,RU,2021-10-24 22:07:44
96,Kristiinankaupunki,62.2743,21.376,46.49,93,100,16.64,FI,2021-10-24 22:10:46
97,Richards Bay,-28.783,32.0377,64.04,67,84,4.94,ZA,2021-10-24 22:06:46
98,Cabo San Lucas,22.8909,-109.9124,90.61,61,1,14.97,MX,2021-10-24 22:10:09
99,Geraldton,-28.7667,114.6,62.13,88,75,3.44,AU,2021-10-24 22:10:47
100,Chuy,-33.6971,-53.4616,60.57,68,0,7.38,UY,2021-10-24 22:10:47
101,Kaitangata,-46.2817,169.8464,58.73,73,100,3.06,NZ,2021-10-24 22:06:11
102,Torbay,47.6666,-52.7314,55.67,88,99,11.01,CA,2021-10-24 22:10:48
103,Awbari,26.5921,12.7805,77.04,32,57,8.93,LY,2021-10-24 22:10:49
104,Port-Gentil,-0.7193,8.7815,78.31,86,98,9.48,GA,2021-10-24 22:10:49
105,Nkhata Bay,-11.6066,34.2907,78.13,52,10,4.34,MW,2021-10-24 22:10:50
106,Joensuu,62.6012,29.7632,32.49,81,40,1.99,FI,2021-10-24 22:10:50
107,Half Moon Bay,37.4636,-122.4286,64.8,93,90,31.07,US,2021-10-24 22:10:51
108,Sumbe,-11.2061,13.8437,75.54,75,100,10.07,AO,2021-10-24 22:10:51
109,Saskylakh,71.9167,114.0833,-15.03,100,64,3.89,RU,2021-10-24 22:10:13
110,Redmond,47.674,-122.1215,54.09,85,100,1.01,US,2021-10-24 22:10:02
111,Taylor,32.3001,-99.8337,92.93,17,1,1.99,US,2021-10-24 22:06:03
112,Ranfurly,-45.1333,170.1,56.07,82,77,1.72,NZ,2021-10-24 22:10:52
113,New Norfolk,-42.7826,147.0587,51.66,60,99,3.0,AU,2021-10-24 22:10:53
114,Constitucion,-35.3333,-72.4167,60.62,73,2,17.4,CL,2021-10-24 22:10:53
115,Skjervoy,70.0311,20.9714,34.66,67,100,23.64,NO,2021-10-24 22:10:54
116,Ribeira Grande,38.5167,-28.7,66.69,72,10,9.08,PT,2021-10-24 22:10:54
117,Ust-Kuyga,70.0167,135.6,2.53,98,100,2.46,RU,2021-10-24 22:10:55
118,Bauchi,10.5,10.0,77.56,45,78,1.79,NG,2021-10-24 22:10:55
119,Qasigiannguit,68.8193,-51.1922,21.45,80,97,5.95,GL,2021-10-24 22:10:56
120,Indiana,40.0003,-86.2503,63.73,96,90,6.91,US,2021-10-24 22:10:56
121,Luderitz,-26.6481,15.1594,59.32,70,0,3.18,NA,2021-10-24 22:10:56
122,Georgetown,5.4112,100.3354,77.9,94,20,0.0,MY,2021-10-24 22:10:57
123,Petropavlovka,50.6114,105.3196,33.89,64,43,3.71,RU,2021-10-24 22:10:57
124,Arraial Do Cabo,-22.9661,-42.0278,71.49,94,100,16.31,BR,2021-10-24 22:10:58
125,Santiago,-33.4569,-70.6483,83.64,17,0,5.75,CL,2021-10-24 22:08:15
126,Pochutla,15.7432,-96.4661,85.82,70,89,8.39,MX,2021-10-24 22:10:58
127,Vardo,70.3705,31.1107,25.0,58,49,5.86,NO,2021-10-24 22:10:59
128,Upernavik,72.7868,-56.1549,15.93,67,89,8.21,GL,2021-10-24 22:10:59
129,Hermanus,-34.4187,19.2345,57.9,74,0,9.33,ZA,2021-10-24 22:11:00
130,Saint-Pierre,-21.3393,55.4781,74.57,78,90,3.44,RE,2021-10-24 22:07:10
131,Tiarei,-17.5333,-149.3333,77.02,93,100,13.89,PF,2021-10-24 22:11:00
132,Hangal,14.7667,75.1333,67.53,91,100,2.46,IN,2021-10-24 22:11:01
133,Alice Springs,-23.7,133.8833,67.55,37,5,9.22,AU,2021-10-24 22:11:01
134,Bethel,41.3712,-73.414,56.1,73,90,4.61,US,2021-10-24 22:11:02
135,Ketchikan,55.3422,-131.6461,48.74,67,81,8.61,US,2021-10-24 22:11:02
136,Dikson,73.5069,80.5464,9.18,87,100,18.19,RU,2021-10-24 22:11:03
137,Kuah,6.3265,99.8432,80.1,79,97,1.63,MY,2021-10-24 22:11:03
138,Fairmont,39.4851,-80.1426,70.38,77,72,4.29,US,2021-10-24 22:11:04
139,Bathsheba,13.2167,-59.5167,81.21,78,40,21.85,BB,2021-10-24 22:11:04
140,Laguna,38.421,-121.4238,63.27,94,90,1.99,US,2021-10-24 22:11:05
141,Thompson,55.7435,-97.8558,38.26,66,13,6.22,CA,2021-10-24 22:11:05
142,Coquimbo,-29.9533,-71.3436,60.53,77,0,12.66,CL,2021-10-24 22:11:06
143,Pangody,65.85,74.4859,22.73,86,20,15.43,RU,2021-10-24 22:11:06
144,Fukue,32.6881,128.8419,61.68,62,100,4.65,JP,2021-10-24 22:07:03
145,Knysna,-34.0363,23.0471,53.67,78,0,4.54,ZA,2021-10-24 22:11:07
146,Yellowknife,62.456,-114.3525,42.42,87,100,18.99,CA,2021-10-24 22:11:07
147,Pitkyaranta,61.5734,31.4792,33.73,72,91,9.28,RU,2021-10-24 22:11:08
148,Cockburn Town,21.4612,-71.1419,82.36,65,40,8.05,TC,2021-10-24 22:06:22
149,Pisco,-13.7,-76.2167,66.25,68,0,21.85,PE,2021-10-24 22:11:09
150,Camacha,33.0833,-16.3333,67.42,56,40,12.66,PT,2021-10-24 22:11:09
151,Talaja,21.35,72.05,76.84,71,2,7.72,IN,2021-10-24 22:11:10
152,Gerash,27.6652,54.1371,69.55,32,0,4.09,IR,2021-10-24 22:11:10
153,Mar Del Plata,-38.0023,-57.5575,64.42,39,0,9.22,AR,2021-10-24 22:11:11
154,Vaitape,-16.5167,-151.75,76.39,87,100,15.41,PF,2021-10-24 22:11:12
155,Santa Vitoria Do Palmar,-33.5189,-53.3681,60.93,65,0,7.25,BR,2021-10-24 22:11:12
156,Madison,34.7334,-86.5667,72.99,65,1,1.01,US,2021-10-24 22:08:22
157,Sur,22.5667,59.5289,81.19,59,0,11.36,OM,2021-10-24 22:11:13
158,Komsomolskiy,40.4272,71.7189,44.02,29,0,3.67,UZ,2021-10-24 22:11:13
159,Kidodi,-7.6036,37.0044,72.72,74,4,1.32,TZ,2021-10-24 22:11:14
160,Roma,43.2128,-75.4557,55.13,69,90,0.0,US,2021-10-24 22:08:04
161,Mariana,-20.3778,-43.4161,70.3,90,100,1.68,BR,2021-10-24 22:11:14
162,Broome,42.2506,-75.833,53.38,79,90,3.0,US,2021-10-24 22:11:15
163,Mandalgovi,45.7625,106.2708,32.99,48,17,11.97,MN,2021-10-24 22:11:15
164,Qaanaaq,77.484,-69.3632,-4.61,62,0,11.97,GL,2021-10-24 22:11:16
165,Cidreira,-30.1811,-50.2056,62.76,64,0,7.4,BR,2021-10-24 22:11:16
166,Sorland,67.667,12.6934,44.87,96,100,21.94,NO,2021-10-24 22:11:17
167,Tessalit,20.1986,1.0114,87.42,19,38,10.0,ML,2021-10-24 22:11:17
168,Manokwari,-0.8667,134.0833,78.85,75,100,2.26,ID,2021-10-24 22:11:18
169,Novikovo,51.1537,37.8879,35.42,76,50,11.56,RU,2021-10-24 22:11:18
170,Poum,-20.2333,164.0167,75.6,73,55,10.74,NC,2021-10-24 22:09:55
171,Port Moresby,-9.4431,147.1797,80.74,75,26,1.32,PG,2021-10-24 22:11:19
172,Cherskiy,68.75,161.3,-15.03,99,29,5.03,RU,2021-10-24 22:09:11
173,Marsa Matruh,31.3525,27.2453,70.7,73,7,8.86,EG,2021-10-24 22:11:20
174,Gornyak,50.9942,81.4661,41.68,52,22,12.66,RU,2021-10-24 22:11:20
175,Lompoc,34.6391,-120.4579,71.74,75,90,6.91,US,2021-10-24 22:06:55
176,Mount Isa,-20.7333,139.5,78.57,53,100,8.05,AU,2021-10-24 22:11:21
177,Tukan,53.8409,57.4552,34.61,98,72,2.46,RU,2021-10-24 22:11:21
178,Balabac,7.9868,117.0645,81.18,80,100,12.33,PH,2021-10-24 22:11:22
179,Tiksi,71.6872,128.8694,-0.15,100,100,4.29,RU,2021-10-24 22:11:22
180,Sambava,-14.2667,50.1667,75.83,88,94,5.21,MG,2021-10-24 22:11:23
181,Matagami,49.7502,-77.6328,40.26,69,98,4.45,CA,2021-10-24 22:11:23
182,Atambua,-9.1061,124.8925,76.86,79,100,1.68,ID,2021-10-24 22:11:24
183,Ahipara,-35.1667,173.1667,65.98,71,16,3.6,NZ,2021-10-24 22:11:24
184,Araouane,18.9048,-3.5265,89.15,21,58,9.73,ML,2021-10-24 22:11:25
185,Morondava,-20.2833,44.2833,72.68,64,0,7.81,MG,2021-10-24 22:11:25
186,Cayenne,4.9333,-52.3333,82.09,88,75,1.99,GF,2021-10-24 22:11:26
187,Irbeyskoye,55.6428,95.4522,43.2,70,88,16.22,RU,2021-10-24 22:11:26
188,Nuevo Progreso,23.1667,-97.95,89.6,57,93,4.0,MX,2021-10-24 22:11:27
189,Vanimo,-2.6741,141.3028,78.6,88,100,4.94,PG,2021-10-24 22:09:37
190,Bassila,9.0081,1.6654,74.97,82,84,3.0,BJ,2021-10-24 22:11:28
191,Khatanga,71.9667,102.5,0.43,89,77,16.55,RU,2021-10-24 22:11:28
192,Klaksvik,62.2266,-6.589,50.92,88,92,25.72,FO,2021-10-24 22:11:29
193,Buraydah,26.326,43.975,70.97,27,0,7.49,SA,2021-10-24 22:09:09
194,Odweyne,9.4092,45.064,72.41,38,4,7.14,SO,2021-10-24 22:11:30
195,Krasnoarmeysk,51.0239,45.6969,39.29,68,96,8.59,RU,2021-10-24 22:11:30
196,Ballina,-28.8667,153.5667,69.78,91,57,6.73,AU,2021-10-24 22:08:32
197,Muisne,0.6,-80.0333,77.05,82,92,10.36,EC,2021-10-24 22:09:18
198,Dingle,10.9995,122.6711,75.47,92,99,2.64,PH,2021-10-24 22:07:43
199,Inirida,3.8653,-67.9239,78.3,91,94,2.55,CO,2021-10-24 22:10:55
200,Petropavlovsk-Kamchatskiy,53.0452,158.6483,23.59,80,0,6.71,RU,2021-10-24 22:11:21
201,Kitimat,54.0524,-128.6534,48.9,66,98,1.99,CA,2021-10-24 22:11:33
202,Kidal,18.4411,1.4078,93.61,18,80,3.62,ML,2021-10-24 22:11:34
203,Clyde River,70.4692,-68.5914,11.97,80,63,5.57,CA,2021-10-24 22:08:41
204,Bambous Virieux,-20.3428,57.7575,75.22,73,40,12.66,MU,2021-10-24 22:11:34
205,Monrovia,6.3005,-10.7969,78.57,87,100,5.99,LR,2021-10-24 22:09:08
206,Henties Bay,-22.116,14.2845,58.86,90,0,3.94,NA,2021-10-24 22:10:40
207,Ayagoz,47.9714,80.4392,35.64,44,5,6.76,KZ,2021-10-24 22:11:35
208,Fare,-16.7,-151.0167,75.29,90,100,6.51,PF,2021-10-24 22:11:35
209,Barrow,71.2906,-156.7887,28.42,80,90,5.75,US,2021-10-24 22:11:36
210,Yumen,40.2833,97.2,44.82,35,100,14.2,CN,2021-10-24 22:11:36
211,Mezen,65.8522,44.24,28.27,86,42,12.88,RU,2021-10-24 22:11:37
212,Alofi,-19.0595,-169.9187,74.89,69,65,17.38,NU,2021-10-24 22:11:37
213,Guerrero Negro,27.9769,-114.0611,70.54,58,0,15.57,MX,2021-10-24 22:07:48
214,Kupang,-10.1667,123.5833,77.58,88,20,2.3,ID,2021-10-24 22:11:38
215,Vestmannaeyjar,63.4427,-20.2734,45.72,92,100,6.87,IS,2021-10-24 22:11:39
216,Pingliang,35.5392,106.6861,44.98,90,97,3.04,CN,2021-10-24 22:11:39
217,Noumea,-22.2763,166.4572,78.78,99,19,9.35,NC,2021-10-24 22:11:31
218,Kununurra,-15.7667,128.7333,80.58,74,91,4.61,AU,2021-10-24 22:11:40
219,Belmonte,-15.8631,-38.8828,77.5,88,39,8.75,BR,2021-10-24 22:11:40
220,Touros,-5.1989,-35.4608,81.5,73,28,13.94,BR,2021-10-24 22:11:41
221,Zarate,-34.0981,-59.0286,73.94,37,0,5.7,AR,2021-10-24 22:11:41
222,Makat,47.6469,53.3463,52.29,35,100,4.76,KZ,2021-10-24 22:11:42
223,Baykit,61.67,96.37,32.05,93,88,5.3,RU,2021-10-24 22:11:42
224,Naifaru,5.4444,73.3657,82.33,75,71,16.46,MV,2021-10-24 22:11:43
225,Peniche,39.3558,-9.3811,61.61,91,17,6.82,PT,2021-10-24 22:11:43
226,Imaculada,-7.3897,-37.5092,80.17,39,67,6.62,BR,2021-10-24 22:11:44
227,Carnarvon,-24.8667,113.6333,68.07,73,75,12.66,AU,2021-10-24 22:11:44
228,Joao Pinheiro,-17.7425,-46.1725,74.07,70,100,4.94,BR,2021-10-24 22:11:44
229,Vredendal,-31.6683,18.5012,63.66,56,0,5.99,ZA,2021-10-24 22:11:45
230,Viransehir,37.2353,39.7631,61.88,24,0,4.36,TR,2021-10-24 22:11:45
231,Sioux Lookout,50.1001,-91.917,39.54,62,91,5.55,CA,2021-10-24 22:11:46
232,Labuhan,-6.8844,112.2051,78.28,84,33,8.52,ID,2021-10-24 22:10:35
233,Nazarovo,56.0064,90.3914,41.88,87,92,13.0,RU,2021-10-24 22:11:46
234,Ilulissat,69.2167,-51.1,21.22,58,75,14.97,GL,2021-10-24 22:11:47
235,Orange Cove,36.6244,-119.3137,73.45,42,100,3.22,US,2021-10-24 22:08:53
236,Praia Da Vitoria,38.7333,-27.0667,64.76,80,2,9.82,PT,2021-10-24 22:11:48
237,Akyab,20.15,92.9,76.23,77,92,4.9,MM,2021-10-24 22:11:48
238,Daru,-9.0763,143.2092,82.53,79,91,10.31,PG,2021-10-24 22:11:49
239,Erzin,36.9559,36.2,68.72,76,2,1.83,TR,2021-10-24 22:11:49
240,Fairbanks,64.8378,-147.7164,28.22,89,90,0.0,US,2021-10-24 22:11:31
241,Severomuysk,56.1481,113.4267,17.83,89,98,2.77,RU,2021-10-24 22:11:50
242,Honningsvag,70.9821,25.9704,35.42,73,46,11.86,NO,2021-10-24 22:11:50
243,San Patricio,28.017,-97.5169,92.12,51,0,11.48,US,2021-10-24 22:07:14
244,Yulara,-25.2406,130.9889,66.04,42,0,11.5,AU,2021-10-24 22:11:51
245,Brae,60.3964,-1.353,53.51,90,83,12.53,GB,2021-10-24 22:11:52
246,Port Lincoln,-34.7333,135.8667,55.31,67,0,14.7,AU,2021-10-24 22:11:52
247,Chaiyaphum,15.75,102.0,67.84,84,100,8.03,TH,2021-10-24 22:11:53
248,Caramay,10.1815,119.236,78.87,83,100,6.15,PH,2021-10-24 22:11:53
249,Ambulu,-8.345,113.6058,76.8,80,81,0.58,ID,2021-10-24 22:11:54
250,Saint George,37.1041,-113.5841,75.67,31,1,1.01,US,2021-10-24 22:11:19
251,Lukovetskiy,64.2956,41.9211,30.18,90,50,9.95,RU,2021-10-24 22:11:54
252,Puerto Del Rosario,28.5004,-13.8627,71.35,68,20,10.36,ES,2021-10-24 22:11:55
253,Goundi,9.3627,17.366,78.39,69,56,3.13,TD,2021-10-24 22:11:56
254,Toora-Khem,52.4675,96.11,33.1,82,99,2.59,RU,2021-10-24 22:11:56
255,Verkhnevilyuysk,63.4453,120.3167,32.11,98,100,4.59,RU,2021-10-24 22:09:21
256,Ust-Maya,60.4167,134.5333,28.56,98,100,4.56,RU,2021-10-24 22:11:57
257,Biltine,14.5333,20.9167,84.99,20,8,16.06,TD,2021-10-24 22:11:57
258,Magdagachi,53.45,125.8,32.25,91,96,1.23,RU,2021-10-24 22:11:58
259,Lata,40.1629,-8.3327,58.82,75,0,1.5,PT,2021-10-24 22:07:54
260,Farafangana,-22.8167,47.8333,75.83,92,70,12.17,MG,2021-10-24 22:11:58
261,Oranjemund,-28.55,16.4333,59.77,76,0,17.07,NA,2021-10-24 22:11:59
262,Zaysan,47.4667,84.8667,36.09,39,4,0.51,KZ,2021-10-24 22:11:59
263,San Rafael,-34.6177,-68.3301,82.54,13,0,17.87,AR,2021-10-24 22:08:05
264,Te Anau,-45.4167,167.7167,57.27,90,99,1.61,NZ,2021-10-24 22:12:00
265,Elizabeth City,36.2946,-76.2511,74.01,68,1,6.91,US,2021-10-24 22:12:00
266,Seymchan,62.8833,152.4333,4.55,83,100,3.69,RU,2021-10-24 22:12:01
267,Overath,50.9328,7.2839,49.98,82,0,5.75,DE,2021-10-24 22:12:01
268,Los Santos,7.9333,-80.4167,78.4,81,99,4.59,PA,2021-10-24 22:12:02
269,Moranbah,-22.0016,148.0466,79.09,52,70,11.65,AU,2021-10-24 22:12:02
270,Bykov,47.3167,142.55,23.79,75,0,5.95,RU,2021-10-24 22:12:03
271,Aitape,-3.1374,142.3475,80.1,83,100,3.51,PG,2021-10-24 22:12:03
272,Salinopolis,-0.6136,-47.3561,81.36,80,1,12.35,BR,2021-10-24 22:12:04
273,Sibolga,1.7427,98.7792,74.75,88,100,3.0,ID,2021-10-24 22:12:04
274,Gravelbourg,49.8834,-106.5512,52.3,45,27,13.15,CA,2021-10-24 22:12:05
275,Cepu,-7.1475,111.5906,77.13,87,77,3.24,ID,2021-10-24 22:12:05
276,Rafraf,37.1904,10.1837,64.71,80,100,26.11,TN,2021-10-24 22:12:06
277,Gumdag,39.2061,54.5906,56.82,79,0,5.41,TM,2021-10-24 22:10:17
278,Kangaatsiaq,68.3065,-53.4641,20.82,87,50,6.11,GL,2021-10-24 22:12:06
279,Bouca,6.5105,18.2733,72.9,94,86,1.41,CF,2021-10-24 22:12:07
280,Krutikha,53.9599,81.2093,45.36,76,100,11.9,RU,2021-10-24 22:12:07
281,Rio Gallegos,-51.6226,-69.2181,45.97,30,43,26.19,AR,2021-10-24 22:12:08
282,Collie,-33.3667,116.15,53.82,96,100,4.12,AU,2021-10-24 22:12:08
283,High Level,58.5169,-117.136,41.05,80,99,7.29,CA,2021-10-24 22:12:09
284,Yakeshi,49.2833,120.7333,30.79,64,0,4.05,CN,2021-10-24 22:12:09
285,Bure,10.7,37.0667,54.99,82,19,4.7,ET,2021-10-24 22:07:15
286,Sharjah,25.3573,55.4033,83.25,68,0,7.0,AE,2021-10-24 22:09:22
287,Vallenar,-28.5708,-70.7581,79.45,25,0,6.49,CL,2021-10-24 22:12:10
288,Paita,-5.0892,-81.1144,70.36,76,47,17.58,PE,2021-10-24 22:12:11
289,Copiapo,-27.3667,-70.3333,55.09,32,0,6.17,CL,2021-10-24 22:12:12
290,Toyooka,35.5333,134.8333,51.91,77,100,1.88,JP,2021-10-24 22:12:12
291,San Cristobal,7.7669,-72.225,75.38,70,67,2.37,VE,2021-10-24 22:12:13
292,Bonavista,48.6499,-53.1147,56.12,85,67,23.78,CA,2021-10-24 22:12:13
293,Marzuq,14.4,46.4667,71.24,22,2,1.86,YE,2021-10-24 22:12:14
294,Stanger,-29.3282,31.2895,59.99,80,100,2.95,ZA,2021-10-24 22:12:14
295,Mayo,38.8876,-76.5119,69.24,78,1,8.01,US,2021-10-24 22:12:15
296,Sobolevo,54.4299,31.8996,29.44,89,28,5.61,RU,2021-10-24 22:12:15
297,Summerville,33.0185,-80.1757,76.8,79,90,6.91,US,2021-10-24 22:11:31
298,Port Macquarie,-31.4333,152.9167,69.89,69,18,1.3,AU,2021-10-24 22:12:12
299,Barra Do Garcas,-15.89,-52.2567,70.32,89,100,8.3,BR,2021-10-24 22:11:49
300,Khanino,54.211,36.6229,32.11,93,15,7.47,RU,2021-10-24 22:12:16
301,Ahuimanu,21.4447,-157.8378,83.91,59,40,18.41,US,2021-10-24 22:12:17
302,Annau,37.8876,58.516,59.02,26,65,3.06,TM,2021-10-24 22:12:17
303,Oranjestad,12.524,-70.027,84.15,74,20,19.57,AW,2021-10-24 22:12:17
304,Vao,-22.6667,167.4833,70.57,70,12,13.29,NC,2021-10-24 22:12:18
305,Laredo,27.5064,-99.5075,98.6,43,1,4.61,US,2021-10-24 22:12:18
306,Waipawa,-41.4122,175.5153,58.46,79,98,6.87,NZ,2021-10-24 22:12:19
307,Parry Sound,45.3501,-80.033,47.21,74,51,5.55,CA,2021-10-24 22:12:19
308,Namibe,-15.1961,12.1522,63.81,84,0,4.03,AO,2021-10-24 22:12:20
309,Ecoporanga,-18.3733,-40.8306,76.8,85,67,6.31,BR,2021-10-24 22:12:20
310,Porto Velho,-8.7619,-63.9039,87.85,58,75,9.22,BR,2021-10-24 22:12:21
311,Grindavik,63.8424,-22.4338,45.07,100,90,4.61,IS,2021-10-24 22:12:21
312,Hirado,33.3597,129.5531,59.36,55,100,1.79,JP,2021-10-24 22:12:22
313,Lokoja,7.8024,6.743,76.44,77,35,2.59,NG,2021-10-24 22:12:22
314,Hervey Bay,-25.2986,152.8535,78.91,82,28,10.09,AU,2021-10-24 22:11:30
315,Bondo,3.8146,23.6866,67.86,100,97,2.55,CD,2021-10-24 22:12:23
316,Buala,-8.145,159.5921,84.06,71,18,0.34,SB,2021-10-24 22:12:23
317,Brzesko,49.9691,20.6061,39.38,80,48,5.44,PL,2021-10-24 22:12:24
318,Turukhansk,65.8167,87.9833,26.46,93,100,14.61,RU,2021-10-24 22:12:24
319,Zhuanghe,39.7008,122.9911,49.39,71,0,3.51,CN,2021-10-24 22:09:59
320,Hasaki,35.7333,140.8333,52.29,53,26,7.72,JP,2021-10-24 22:12:25
321,Eyl,7.9803,49.8164,77.61,79,48,8.08,SO,2021-10-24 22:12:25
322,Carballo,43.213,-8.691,59.02,93,26,3.96,ES,2021-10-24 22:12:26
323,Tyup,42.7276,78.3648,30.56,62,0,3.56,KG,2021-10-24 22:12:26
324,Aykhal,66.0,111.5,16.81,99,100,4.79,RU,2021-10-24 22:12:27
325,Nabire,-3.3667,135.4833,76.6,89,100,2.24,ID,2021-10-24 22:12:28
326,Marsabit,2.3284,37.9899,74.23,45,34,15.03,KE,2021-10-24 22:12:28
327,Novo Oriente,-5.5344,-40.7742,81.7,57,97,4.27,BR,2021-10-24 22:12:29
328,Corn Island,12.1694,-83.0418,83.07,78,56,10.42,NI,2021-10-24 22:12:29
329,Ambilobe,-13.2,49.05,76.46,78,86,6.29,MG,2021-10-24 22:12:29
330,Lavrentiya,65.5833,-171.0,22.3,82,100,10.42,RU,2021-10-24 22:12:30
331,Tongchuan,35.0806,109.0897,49.6,81,97,1.68,CN,2021-10-24 22:12:31
332,Kerman,30.2832,57.0788,57.99,26,0,10.36,IR,2021-10-24 22:12:31
333,Saint-Georges,12.0564,-61.7485,81.32,77,99,16.6,GD,2021-10-24 22:12:31
334,Mersing,2.4312,103.8405,76.66,89,63,3.56,MY,2021-10-24 22:12:32
335,Zhezkazgan,47.8043,67.7144,44.38,50,73,7.2,KZ,2021-10-24 22:12:33
336,Segezha,63.7415,34.3222,26.74,85,98,8.75,RU,2021-10-24 22:12:33
337,Konotop,51.2403,33.2026,33.82,77,43,8.01,UA,2021-10-24 22:12:34
338,Baruun-Urt,46.6806,113.2792,34.38,44,4,5.39,MN,2021-10-24 22:12:34
339,Puerto Leguizamo,-0.1934,-74.7819,82.56,78,99,2.15,CO,2021-10-24 22:12:34
340,Hay River,60.8156,-115.7999,40.96,87,90,10.36,CA,2021-10-24 22:12:35
341,Portales,34.1862,-103.3344,82.33,18,3,8.01,US,2021-10-24 22:12:35
342,Port Hedland,-20.3167,118.5667,71.65,46,7,10.36,AU,2021-10-24 22:12:36
343,Shingu,33.7333,135.9833,60.33,97,100,7.63,JP,2021-10-24 22:12:36
344,Bilma,18.6853,12.9164,86.47,11,2,6.04,NE,2021-10-24 22:12:37
345,San Lorenzo,-25.3333,-57.5333,74.34,38,0,9.22,PY,2021-10-24 22:12:37
346,Zima,53.9202,102.0442,38.75,78,99,10.65,RU,2021-10-24 22:12:37
347,Villa Carlos Paz,-31.4241,-64.4978,79.39,41,0,5.99,AR,2021-10-24 22:12:38
348,Kenda,23.2,86.5333,70.05,68,1,6.17,IN,2021-10-24 22:12:38
349,Hithadhoo,-0.6,73.0833,82.22,75,69,15.57,MV,2021-10-24 22:12:39
350,Glushkovo,51.3392,34.6328,33.46,80,24,8.28,RU,2021-10-24 22:12:39
351,Santa Fe,-31.6333,-60.7,77.76,32,0,8.01,AR,2021-10-24 22:10:36
352,Kargil,34.5667,76.1,29.82,81,99,4.36,IN,2021-10-24 22:12:40
353,Snasa,64.2457,12.3778,39.15,100,100,3.78,NO,2021-10-24 22:12:41
354,Snyder,32.7179,-100.9176,91.54,13,1,10.36,US,2021-10-24 22:12:41
355,Palana,59.1167,159.9667,18.54,82,7,6.22,RU,2021-10-24 22:12:41
356,Xam Nua,20.4197,104.0439,54.07,99,40,1.7,LA,2021-10-24 22:12:42
357,Togur,58.3631,82.8265,39.96,96,99,6.02,RU,2021-10-24 22:12:42
358,Meadow Lake,34.8014,-106.5436,75.67,16,3,16.22,US,2021-10-24 22:11:26
359,Ouesso,1.6136,16.0517,69.87,98,91,2.01,CG,2021-10-24 22:12:43
360,Ust-Nera,64.5667,143.2,7.45,97,96,6.17,RU,2021-10-24 22:12:43
361,Izmalkovo,52.6887,37.964,31.86,78,19,12.03,RU,2021-10-24 22:12:44
362,Soyo,-6.1349,12.3689,77.27,83,96,9.06,AO,2021-10-24 22:12:44
363,Nantucket,41.2835,-70.0995,54.01,62,1,8.05,US,2021-10-24 22:12:45
364,Belyy Yar,53.6039,91.3903,46.29,66,0,11.18,RU,2021-10-24 22:12:45
365,Flinders,-34.5833,150.8552,62.8,58,3,4.0,AU,2021-10-24 22:12:46
366,Tiznit,29.5833,-9.5,66.52,57,100,1.12,MA,2021-10-24 22:12:46
367,Berlevag,70.8578,29.0864,30.81,73,78,8.34,NO,2021-10-24 22:12:47
368,Conceicao Do Araguaia,-8.2578,-49.2647,82.26,63,66,2.24,BR,2021-10-24 22:12:47
369,Bud,39.447,-86.1758,75.24,98,97,14.67,US,2021-10-24 22:12:48
370,Stromness,58.965,-3.296,52.05,85,100,17.0,GB,2021-10-24 22:12:48
371,Constantine,36.365,6.6147,54.55,88,12,3.6,DZ,2021-10-24 22:12:48
372,Belaya Gora,68.5333,146.4167,-0.85,98,100,0.18,RU,2021-10-24 22:12:49
373,Hualmay,-11.0964,-77.6139,65.34,77,30,12.55,PE,2021-10-24 22:12:49
374,San Jose,37.3394,-121.895,65.3,84,90,13.8,US,2021-10-24 22:10:11
375,Oskemen,49.9565,82.6119,37.96,67,15,4.79,KZ,2021-10-24 22:12:50
376,Comodoro Rivadavia,-45.8667,-67.5,64.26,36,100,46.04,AR,2021-10-24 22:12:50
377,Nishihara,26.1842,127.7558,74.48,74,20,10.36,JP,2021-10-24 22:12:51
378,Bogorodskoye,56.55,37.8833,28.9,89,35,8.14,RU,2021-10-24 22:12:51
379,Cam Ranh,11.9214,109.1591,76.96,88,75,5.75,VN,2021-10-24 22:12:52
380,Avera,33.194,-82.5271,76.87,50,94,4.56,US,2021-10-24 22:11:07
381,Antsohihy,-14.8796,47.9875,73.96,85,99,4.03,MG,2021-10-24 22:12:52
382,Rosario,-32.9468,-60.6393,77.83,28,0,1.99,AR,2021-10-24 22:12:53
383,Codrington,-38.2667,141.9667,52.41,65,100,10.65,AU,2021-10-24 22:12:53
384,Khorramshahr,30.4397,48.1664,77.88,20,0,10.25,IR,2021-10-24 22:08:04
385,Anito,12.4497,125.2886,78.6,88,97,4.0,PH,2021-10-24 22:12:54
386,Balaipungut,1.05,101.2833,73.0,95,100,1.79,ID,2021-10-24 22:12:54
387,Kamenka,51.3223,42.7678,37.44,84,99,12.71,RU,2021-10-24 22:12:55
388,Taoudenni,22.6783,-3.9836,87.28,17,11,10.25,ML,2021-10-24 22:12:55
389,Tuatapere,-46.1333,167.6833,58.23,88,98,3.04,NZ,2021-10-24 22:12:56
390,Priiskovyy,51.9333,116.6333,30.99,84,7,6.11,RU,2021-10-24 22:12:56
391,Morehead,37.2711,-87.1764,79.3,56,1,14.97,US,2021-10-24 22:09:07
392,Talnakh,69.4865,88.3972,25.95,97,100,6.24,RU,2021-10-24 22:12:57
393,Jaque,7.5175,-78.1703,80.55,82,49,3.33,PA,2021-10-24 22:12:57
394,Nanortalik,60.1432,-45.2371,32.83,97,100,4.21,GL,2021-10-24 22:12:58
395,Pereira,4.8133,-75.6961,72.36,78,40,13.8,CO,2021-10-24 22:10:16
396,Kichera,55.9375,110.0997,35.89,97,100,6.85,RU,2021-10-24 22:12:59
397,Vigia Del Fuerte,6.5789,-76.8863,80.71,82,79,2.68,CO,2021-10-24 22:12:59
398,Jumla,29.2747,82.1838,43.36,81,1,4.76,NP,2021-10-24 22:13:00
399,Lodja,-3.4833,23.4333,70.29,99,76,1.32,CD,2021-10-24 22:13:00
400,Roebourne,-20.7833,117.1333,75.34,52,2,11.03,AU,2021-10-24 22:13:01
401,Severo-Kurilsk,50.6789,156.125,39.02,75,46,19.69,RU,2021-10-24 22:13:01
402,Port Blair,11.6667,92.75,79.79,81,70,4.14,IN,2021-10-24 22:13:02
403,Tateyama,34.9833,139.8667,57.02,64,53,10.11,JP,2021-10-24 22:13:02
404,Kysyl-Syr,63.8986,122.7617,30.11,99,100,2.51,RU,2021-10-24 22:13:03
405,Lorengau,-2.0226,147.2712,81.84,81,80,8.34,PG,2021-10-24 22:13:04
406,Ashland,40.8167,-82.2665,56.26,96,100,7.16,US,2021-10-24 22:10:29
407,Porto Walter,-8.2686,-72.7439,92.8,42,78,6.53,BR,2021-10-24 22:13:05
408,Dunedin,-45.8742,170.5036,62.8,71,86,5.99,NZ,2021-10-24 22:12:35
409,Ondjiva,-17.0667,15.7333,74.79,16,1,13.04,AO,2021-10-24 22:13:06
410,Maniitsoq,65.4167,-52.9,25.77,55,9,8.55,GL,2021-10-24 22:13:06
411,Lusambo,-4.9667,23.45,68.74,99,98,2.13,CD,2021-10-24 22:13:07
412,Moree,-29.4667,149.85,69.82,30,69,9.22,AU,2021-10-24 22:13:07
413,Nyurba,63.2842,118.3319,32.18,98,100,6.13,RU,2021-10-24 22:13:08
414,Los Llanos De Aridane,28.6585,-17.9182,67.75,88,75,3.0,ES,2021-10-24 22:13:08
415,Dzaoudzi,-12.7887,45.2699,80.49,83,20,9.22,YT,2021-10-24 22:13:09
416,Shizuishan,39.2333,106.7694,47.86,42,68,6.8,CN,2021-10-24 22:13:09
417,Andros Town,24.7,-77.7667,82.36,70,92,13.29,BS,2021-10-24 22:13:10
418,Adjumani,3.3779,31.7909,72.82,76,76,4.25,UG,2021-10-24 22:13:10
419,Inta,66.0317,60.1659,25.14,96,100,9.98,RU,2021-10-24 22:13:10
420,La Ronge,55.1001,-105.2842,45.27,60,17,14.63,CA,2021-10-24 22:13:11
421,Tezu,27.9167,96.1667,68.77,73,39,2.77,IN,2021-10-24 22:13:11
422,Tilichiki,60.4667,166.1,8.28,90,50,8.12,RU,2021-10-24 22:13:12
423,Sept-Iles,50.2001,-66.3821,49.05,86,90,1.99,CA,2021-10-24 22:13:12
424,Srednekolymsk,67.45,153.6833,-4.88,94,100,1.63,RU,2021-10-24 22:13:13
425,Neiafu,-18.65,-173.9833,79.48,61,20,9.22,TO,2021-10-24 22:13:13
426,San Rafael Del Sur,11.8485,-86.4384,85.17,84,66,2.42,NI,2021-10-24 22:13:14
427,Morro Bay,35.3658,-120.8499,67.08,93,100,1.99,US,2021-10-24 22:13:14
428,Iquique,-20.2208,-70.1431,62.64,72,32,2.17,CL,2021-10-24 22:12:09
429,Sinnamary,5.3833,-52.95,78.55,90,100,10.04,GF,2021-10-24 22:13:15
430,North Bend,43.4065,-124.2243,58.87,82,90,20.71,US,2021-10-24 22:13:15
431,Acari,-15.4311,-74.6158,70.18,62,17,6.78,PE,2021-10-24 22:13:10
432,Grand Forks,47.9417,-97.4337,46.33,59,75,6.91,US,2021-10-24 22:13:16
433,Pucara,-15.9803,-71.4606,44.69,22,1,13.8,PE,2021-10-24 22:13:17
434,Boa Vista,2.8197,-60.6733,89.58,55,40,6.91,BR,2021-10-24 22:13:17
435,Muswellbrook,-32.2667,150.9,66.33,63,3,3.8,AU,2021-10-24 22:13:18
436,Ancud,-41.8697,-73.8203,56.43,86,86,16.75,CL,2021-10-24 22:13:18
437,Bela,25.9333,81.9833,71.83,66,0,4.52,IN,2021-10-24 22:13:19
438,Kahului,20.8947,-156.47,85.26,70,20,24.16,US,2021-10-24 22:10:02
439,Ayan,56.45,138.1667,38.77,75,43,2.3,RU,2021-10-24 22:13:19
440,Aloleng,16.1307,119.7824,79.63,76,100,5.26,PH,2021-10-24 22:13:20
441,Rivadavia,-33.1905,-68.4608,83.12,13,0,10.04,AR,2021-10-24 22:10:41
442,Samarai,-10.6167,150.6667,82.42,78,47,11.88,PG,2021-10-24 22:13:20
443,Fortuna,40.5982,-124.1573,59.36,78,20,4.0,US,2021-10-24 22:13:21
444,Severnyy,50.677,36.5532,39.24,70,0,8.95,RU,2021-10-24 22:13:21
445,Wuwei,37.9281,102.6414,44.11,48,83,4.79,CN,2021-10-24 22:13:22
446,Nelson Bay,-32.7167,152.15,69.3,70,22,1.99,AU,2021-10-24 22:09:57
447,Sistranda,63.7256,8.834,50.9,82,100,15.37,NO,2021-10-24 22:13:22
448,Henderson,36.0397,-114.9819,79.14,27,1,25.32,US,2021-10-24 22:13:23
449,Juneau,58.3019,-134.4197,46.45,85,75,5.75,US,2021-10-24 22:13:23
450,Mackay,-21.15,149.2,86.68,67,72,6.8,AU,2021-10-24 22:13:24
451,Barghat,22.0333,79.7167,67.03,68,65,3.56,IN,2021-10-24 22:13:24
452,Alexandria,31.2156,29.9553,71.4,66,0,9.91,EG,2021-10-24 22:13:23
453,Fiditi,7.7136,3.9172,76.17,82,76,1.72,NG,2021-10-24 22:13:25
454,Bubaque,11.2833,-15.8333,82.72,74,100,9.06,GW,2021-10-24 22:13:25
455,Makakilo City,21.3469,-158.0858,82.72,54,75,10.36,US,2021-10-24 22:13:26
456,Musoma,-1.5,33.8,74.77,66,74,5.3,TZ,2021-10-24 22:13:26
457,Mareeba,-17.0,145.4333,79.32,83,10,6.15,AU,2021-10-24 22:12:30
458,Nome,64.5011,-165.4064,33.87,80,90,4.61,US,2021-10-24 22:13:27
459,Svetlyy,54.675,20.1347,39.25,84,88,11.86,RU,2021-10-24 22:13:28
460,Anadyr,64.75,177.4833,5.5,85,75,4.47,RU,2021-10-24 22:13:28
461,Claveria,18.6074,121.0832,77.29,89,24,9.62,PH,2021-10-24 22:13:28
462,Galesong,-5.3166,119.3661,75.22,77,80,5.28,ID,2021-10-24 22:13:29
463,Umm Lajj,25.0213,37.2685,77.52,63,0,8.19,SA,2021-10-24 22:13:29
464,Ochamchira,42.7121,41.4721,56.79,81,100,1.97,GE,2021-10-24 22:13:30
465,Naze,28.3667,129.4833,68.92,80,77,9.73,JP,2021-10-24 22:13:30
466,Ponta Do Sol,32.6667,-17.1,70.72,71,97,6.35,PT,2021-10-24 22:13:31
467,Padang,-0.9492,100.3543,76.37,91,100,2.64,ID,2021-10-24 22:13:31
468,Iskateley,67.6803,53.1512,19.9,97,81,4.81,RU,2021-10-24 22:13:32
469,Deputatskiy,69.3,139.9,0.34,98,100,1.39,RU,2021-10-24 22:13:32
470,Pitanga,-24.7572,-51.7614,57.42,88,49,4.41,BR,2021-10-24 22:13:32
471,Istok,42.7808,20.4875,40.15,70,0,2.39,XK,2021-10-24 22:13:33
472,Katangli,51.7102,143.2326,32.68,83,56,7.87,RU,2021-10-24 22:13:33
473,Burns Lake,54.2331,-125.7533,42.78,76,100,7.31,CA,2021-10-24 22:13:34
474,Marakkanam,12.2,79.95,79.47,81,100,6.82,IN,2021-10-24 22:13:34
475,Guaymas,27.9333,-110.9,88.88,70,20,12.66,MX,2021-10-24 22:13:35
476,College,64.8569,-147.8028,28.2,89,90,0.0,US,2021-10-24 22:13:35
477,Chambas,22.1928,-78.9136,83.82,84,100,4.59,CU,2021-10-24 22:13:36
478,Kabalo,-6.05,26.9167,68.45,96,100,3.89,CD,2021-10-24 22:13:36
479,Lamu,-2.2717,40.902,79.02,88,1,9.8,KE,2021-10-24 22:10:39
480,Miyako,39.6367,141.9525,51.19,73,4,4.68,JP,2021-10-24 22:13:38
481,Correntina,-13.3433,-44.6367,79.54,61,97,3.2,BR,2021-10-24 22:13:39
482,Sringeri,13.4167,75.25,67.1,97,70,1.57,IN,2021-10-24 22:13:39
483,Paamiut,61.994,-49.6678,30.52,43,0,14.38,GL,2021-10-24 22:13:40
484,Ngunguru,-35.6167,174.5,70.16,97,89,6.62,NZ,2021-10-24 22:13:41
485,Wukari,7.85,9.7833,78.46,76,70,2.95,NG,2021-10-24 22:13:41
486,Albury,-36.0833,146.9167,53.65,60,0,8.05,AU,2021-10-24 22:13:42
487,Karaton,-6.3424,106.1045,77.16,91,86,1.68,ID,2021-10-24 22:13:42
488,Bodden Town,19.2833,-81.25,87.01,79,99,3.0,KY,2021-10-24 22:13:43
489,Los Andes,-32.8337,-70.5983,80.37,15,0,6.6,CL,2021-10-24 22:13:20
490,Moyale,3.5167,39.0584,72.86,59,3,7.54,KE,2021-10-24 22:13:43
491,Rio Grande,-32.035,-52.0986,64.94,62,0,4.12,BR,2021-10-24 22:13:44
492,Jacareacanga,-6.2222,-57.7528,75.06,95,84,1.66,BR,2021-10-24 22:13:44
493,Grand Gaube,-20.0064,57.6608,75.38,69,90,8.99,MU,2021-10-24 22:09:15
494,Imbituba,-28.24,-48.6703,69.82,68,4,9.37,BR,2021-10-24 22:13:42
495,Karpathos,35.507,27.2132,69.76,73,45,21.85,GR,2021-10-24 22:13:45
496,Hami,42.8,93.45,43.65,36,6,5.77,CN,2021-10-24 22:13:46
497,Manoel Urbano,-8.8389,-69.2597,90.19,51,99,2.21,BR,2021-10-24 22:13:46
498,Vila,42.0304,-8.1588,51.93,93,89,1.32,PT,2021-10-24 22:13:47
499,Haines Junction,60.7522,-137.5108,33.87,73,52,0.72,CA,2021-10-24 22:11:40
500,Waitati,-45.75,170.5667,62.8,71,72,4.52,NZ,2021-10-24 22:13:47
501,Shaowu,27.3409,117.4831,52.88,96,38,1.28,CN,2021-10-24 22:13:48
502,Ornskoldsvik,63.2909,18.7153,33.62,100,90,3.44,SE,2021-10-24 22:13:49
503,Qandala,11.472,49.8728,80.69,63,2,4.7,SO,2021-10-24 22:13:49
504,Yeppoon,-23.1333,150.7333,76.78,65,54,1.48,AU,2021-10-24 22:11:02
505,Krupanj,44.3656,19.3619,42.84,76,0,4.43,RS,2021-10-24 22:13:49
506,Scanteia,46.9167,27.5667,39.56,69,3,3.4,RO,2021-10-24 22:13:50
507,Bilibino,68.0546,166.4372,-19.77,100,86,3.15,RU,2021-10-24 22:13:51
508,Whitehorse,60.7161,-135.0538,39.02,74,10,5.99,CA,2021-10-24 22:13:51
509,Verkhnyaya Inta,65.9811,60.3094,25.21,96,100,9.91,RU,2021-10-24 22:13:51
510,Teya,60.3778,92.6267,36.27,81,100,12.88,RU,2021-10-24 22:13:52
511,Portland,45.5234,-122.6762,58.84,86,75,1.99,US,2021-10-24 22:09:37
512,Charters Towers,-20.1,146.2667,74.05,67,78,1.72,AU,2021-10-24 22:13:52
513,Ulcinj,41.9294,19.2244,52.02,59,20,16.37,ME,2021-10-24 22:13:53
514,Uyemskiy,64.4743,40.8524,30.25,86,90,13.42,RU,2021-10-24 22:13:53
515,Nuuk,64.1835,-51.7216,25.41,54,20,9.22,GL,2021-10-24 22:13:54
516,Pangnirtung,66.1451,-65.7125,21.56,92,92,1.5,CA,2021-10-24 22:13:54
517,Macapa,0.0389,-51.0664,87.78,70,20,12.66,BR,2021-10-24 22:13:55
518,Troitskoye,52.9821,84.6757,43.0,64,97,8.23,RU,2021-10-24 22:13:55
519,Yasnyy,51.0333,59.8742,45.99,38,100,9.1,RU,2021-10-24 22:13:56
520,Larsnes,62.2028,5.5773,54.19,86,100,11.23,NO,2021-10-24 22:13:56
521,Shimoda,34.6667,138.95,62.71,65,92,14.09,JP,2021-10-24 22:13:57
522,Creel,27.75,-107.6333,67.98,27,0,10.83,MX,2021-10-24 22:13:57
523,Pringsewu,-5.3582,104.9744,73.89,97,90,2.35,ID,2021-10-24 22:13:58
524,Okhotsk,59.3833,143.3,17.51,78,61,9.42,RU,2021-10-24 22:11:24
525,General Roca,-39.0333,-67.5833,75.61,28,80,34.14,AR,2021-10-24 22:13:58
526,Liverpool,53.4106,-2.9779,54.68,86,0,1.99,GB,2021-10-24 22:13:32
527,Reinbek,53.5167,10.25,45.77,84,5,6.71,DE,2021-10-24 22:13:59
528,Emerald,-23.5333,148.1667,79.34,59,74,4.27,AU,2021-10-24 22:14:00
529,Pointe Michel,15.25,-61.3833,80.89,73,23,13.35,DM,2021-10-24 22:14:00
530,Harper,4.375,-7.7169,77.58,83,100,7.18,LR,2021-10-24 22:14:01
531,Norman Wells,65.282,-126.8329,23.04,93,90,4.61,CA,2021-10-24 22:14:01
532,Banda Aceh,5.5577,95.3222,78.55,82,100,8.46,ID,2021-10-24 22:14:02
533,Kampong Thum,12.7111,104.8887,71.02,96,64,5.19,KH,2021-10-24 22:14:02
534,Hovd,48.0056,91.6419,32.67,33,3,2.26,MN,2021-10-24 22:14:02
535,Dulag,10.9525,125.0317,77.56,89,96,2.24,PH,2021-10-24 22:14:03
536,Lojt Kirkeby,55.0833,9.4667,45.7,86,46,8.99,DK,2021-10-24 22:14:04
537,Salalah,17.0151,54.0924,75.79,81,39,3.6,OM,2021-10-24 22:11:47
538,Ruteng,-8.6136,120.4721,63.37,92,73,0.69,ID,2021-10-24 22:14:04
539,Santa Barbara,34.7333,-120.0343,67.23,52,1,9.22,US,2021-10-24 22:14:05
540,Abu Samrah,35.3029,37.1841,63.81,64,0,4.25,SY,2021-10-24 22:13:50
541,Tura,25.5198,90.2201,66.81,96,12,2.39,IN,2021-10-24 22:14:05
542,Martapura,-3.4167,114.85,75.29,100,61,1.14,ID,2021-10-24 22:14:06
543,Zelenoborskiy,66.845,32.3622,20.26,85,96,4.25,RU,2021-10-24 22:14:06
544,Springbok,-29.6643,17.8865,60.48,26,0,9.31,ZA,2021-10-24 22:14:07
545,Batsfjord,70.6345,29.7185,25.02,77,61,5.01,NO,2021-10-24 22:14:07
546,Alghero,40.5589,8.3181,62.69,77,20,4.61,IT,2021-10-24 22:14:08
547,Mount Hagen,-5.8581,144.2274,63.01,84,100,3.2,PG,2021-10-24 22:14:08
548,Bajil,15.0584,43.2851,84.81,61,76,5.21,YE,2021-10-24 22:14:09
549,Bismarck,46.8083,-100.7837,42.64,90,90,12.66,US,2021-10-24 22:14:09
550,Kolosovka,56.4678,73.611,48.04,64,100,18.34,RU,2021-10-24 22:14:10
551,Antofagasta,-23.65,-70.4,60.08,74,24,2.44,CL,2021-10-24 22:11:11
552,Caxito,-8.5785,13.6643,75.85,78,21,3.8,AO,2021-10-24 22:14:10
553,The Pas,53.8251,-101.2541,43.21,61,10,11.48,CA,2021-10-24 22:14:11
554,Yining,29.0361,114.5636,50.43,90,22,0.56,CN,2021-10-24 22:14:11
555,Yatou,37.15,122.3833,51.03,82,0,3.36,CN,2021-10-24 22:14:12
556,Polunochnoye,60.8697,60.4153,29.97,95,99,3.49,RU,2021-10-24 22:14:12
557,Kaeo,-35.1,173.7833,70.32,76,20,1.32,NZ,2021-10-24 22:14:13
558,Grand-Santi,4.25,-54.3833,77.43,88,92,4.18,GF,2021-10-24 22:14:13
559,Lindas,60.7381,5.16,51.76,92,100,14.63,NO,2021-10-24 22:14:14
560,Cap-Aux-Meules,47.3821,-61.8597,51.44,86,100,30.89,CA,2021-10-24 22:14:14
561,Sindor,62.8629,51.8905,29.05,84,100,5.21,RU,2021-10-24 22:14:15
562,Teguise,29.0605,-13.564,68.22,73,40,6.91,ES,2021-10-24 22:14:15
563,Santa Maria,-29.6842,-53.8069,60.21,66,0,1.77,BR,2021-10-24 22:13:59
564,Kozhva,65.1073,57.0459,26.35,94,100,3.89,RU,2021-10-24 22:14:16
565,Muroto,33.2833,134.15,61.75,91,100,17.11,JP,2021-10-24 22:14:16
566,Beatrice,40.2681,-96.747,50.18,100,90,16.11,US,2021-10-24 22:14:17
567,Jardim De Piranhas,-6.3786,-37.3519,88.86,43,36,17.63,BR,2021-10-24 22:14:17
568,Leningradskiy,69.3833,178.4167,8.08,91,100,6.71,RU,2021-10-24 22:14:18
569,Georgiyevka,43.0369,74.7114,33.84,86,0,4.47,KZ,2021-10-24 22:14:18
570,Tutoia,-2.7619,-42.2744,81.19,79,85,14.07,BR,2021-10-24 22:14:19
571,Kehtna,58.9303,24.8781,46.35,89,100,10.94,EE,2021-10-24 22:14:19
572,Madimba,-10.4,40.3333,76.05,90,18,6.62,TZ,2021-10-24 22:14:20
573,Darnah,32.767,22.6367,73.06,64,92,12.15,LY,2021-10-24 22:14:20
574,Romny,50.751,33.4747,35.24,79,72,8.7,UA,2021-10-24 22:14:20
575,Beachwood,41.4645,-81.5087,54.61,93,90,3.0,US,2021-10-24 22:14:21
576,Kutum,14.2,24.6667,75.43,25,2,11.92,SD,2021-10-24 22:14:21
577,Raudeberg,61.9875,5.1352,53.38,92,100,13.0,NO,2021-10-24 22:14:22
578,Pushchino,54.8339,37.6264,29.95,85,18,8.08,RU,2021-10-24 22:14:22
579,Sarakhs,36.5449,61.1577,52.54,23,1,5.5,IR,2021-10-24 22:12:48
580,Pontes E Lacerda,-15.2261,-59.3353,71.24,82,99,7.27,BR,2021-10-24 22:13:04
581,Kautokeino,69.0125,23.0412,17.42,95,100,2.33,NO,2021-10-24 22:14:23
582,Husavik,66.0449,-17.3389,37.85,96,100,15.01,IS,2021-10-24 22:14:24
583,Bazarnyye Mataki,54.8833,49.9333,39.45,76,99,4.5,RU,2021-10-24 22:14:24
584,Aragarcas,-15.8975,-52.2508,70.41,89,100,8.3,BR,2021-10-24 22:14:26
585,Coihaique,-45.5752,-72.0662,46.35,87,90,4.61,CL,2021-10-24 22:14:27
586,Nizhniy Baskunchak,48.2198,46.8311,46.8,55,100,6.85,RU,2021-10-24 22:14:27
587,Bose,45.4612,8.0137,53.24,85,100,2.06,IT,2021-10-24 22:14:28
588,Hofn,64.2539,-15.2082,42.17,87,100,17.72,IS,2021-10-24 22:14:28
589,Hereford,52.0568,-2.7148,54.91,68,7,3.0,GB,2021-10-24 22:14:29
590,Tocopilla,-22.092,-70.1979,63.19,65,21,5.06,CL,2021-10-24 22:11:53
591,Shelburne,44.0787,-80.2041,49.57,67,88,3.69,CA,2021-10-24 22:14:29
592,Jalu,29.0331,21.5482,74.37,31,20,11.41,LY,2021-10-24 22:14:30
593,Maumere,-8.6199,122.2111,79.68,80,75,1.16,ID,2021-10-24 22:14:30
594,Rafaela,-31.2503,-61.4867,77.99,28,0,10.13,AR,2021-10-24 22:14:31
595,Beysehir,37.6773,31.7246,47.62,83,4,8.32,TR,2021-10-24 22:14:31
596,Aksu,41.1231,80.2644,46.99,46,0,4.27,CN,2021-10-24 22:14:32
597,Griffith,41.5284,-87.4237,51.73,95,90,5.01,US,2021-10-24 22:14:32
598,Mehamn,71.0357,27.8492,27.64,78,84,6.71,NO,2021-10-24 22:14:33
599,Manado,1.487,124.8455,74.17,94,20,1.14,ID,2021-10-24 22:14:33
600,Barkot,30.8167,78.2,51.04,76,32,4.74,IN,2021-10-24 22:14:34
601,Meulaboh,4.1363,96.1285,74.61,91,100,4.97,ID,2021-10-24 22:14:34
602,Sairang,23.8,92.6667,66.29,95,3,1.83,IN,2021-10-24 22:14:35
603,Urumqi,43.801,87.6005,32.95,75,0,2.24,CN,2021-10-24 22:14:35
604,Ozernovskiy,51.5,156.5167,37.31,83,84,17.38,RU,2021-10-24 22:12:18
605,Freeport,40.6576,-73.5832,59.25,65,90,1.01,US,2021-10-24 22:10:59
606,Cozumel,20.5083,-86.9458,86.11,89,75,1.01,MX,2021-10-24 22:14:36
607,Sakakah,29.9697,40.2064,68.27,30,0,5.97,SA,2021-10-24 22:14:36
608,Van,38.4924,43.3831,38.55,65,0,3.44,TR,2021-10-24 22:14:37
609,Bundaberg,-24.85,152.35,79.09,73,75,11.5,AU,2021-10-24 22:14:37
610,Santa Rosa,14.3122,121.1114,77.11,88,93,7.81,PH,2021-10-24 22:10:17
611,Kalaleh,37.3807,55.4916,58.03,74,72,3.51,IR,2021-10-24 22:14:38
612,Iberia,29.9502,-91.7507,81.1,61,1,13.8,US,2021-10-24 22:14:39
613,Jardim,-21.4803,-56.1381,72.82,64,80,6.44,BR,2021-10-24 22:14:39
614,Igrim,63.1906,64.4162,28.02,89,100,1.12,RU,2021-10-24 22:14:39
615,Hohhot,40.8106,111.6522,43.45,42,96,1.63,CN,2021-10-24 22:14:40
616,Aklavik,68.2191,-135.0107,24.24,92,97,2.51,CA,2021-10-24 22:14:40
617,Nakamura,32.9833,132.9333,55.53,95,100,4.99,JP,2021-10-24 22:14:41
618,Yayva,59.3303,57.2641,39.18,98,100,5.19,RU,2021-10-24 22:14:41
619,Matamoros,25.5333,-103.25,87.91,19,1,6.91,MX,2021-10-24 22:13:11
620,Pierre,44.3683,-100.351,45.28,88,90,7.0,US,2021-10-24 22:10:50
621,Weligama,5.9667,80.4167,77.31,89,100,7.74,LK,2021-10-24 22:14:42
622,Sarkand,45.41,79.9186,43.79,48,0,3.91,KZ,2021-10-24 22:14:42
623,Qarqin,37.4185,66.0436,53.73,26,0,2.86,AF,2021-10-24 22:14:43
624,Iracoubo,5.4802,-53.2011,78.28,90,99,9.84,GF,2021-10-24 22:14:43
625,Mount Gambier,-37.8333,140.7667,52.39,56,99,7.14,AU,2021-10-24 22:14:44
626,Omboue,-1.5746,9.2618,77.13,90,100,5.46,GA,2021-10-24 22:11:49
627,Mamakan,57.8161,114.0028,32.52,91,100,5.32,RU,2021-10-24 22:14:44
628,Pasir Gudang,1.4584,103.8805,77.36,90,0,1.14,MY,2021-10-24 22:14:45
629,San Policarpo,12.1791,125.5072,80.38,80,100,3.11,PH,2021-10-24 22:14:45
630,Minnedosa,50.2453,-99.8436,40.41,56,100,12.17,CA,2021-10-24 22:14:46
631,Luena,-11.7833,19.9167,65.52,93,100,7.63,AO,2021-10-24 22:14:46
632,Veraval,20.9,70.3667,78.22,69,0,4.94,IN,2021-10-24 22:14:47
633,Rzhyshchiv,49.9689,31.0463,42.17,75,89,6.2,UA,2021-10-24 22:14:47
634,Soligalich,59.0778,42.2864,26.46,93,59,7.52,RU,2021-10-24 22:14:48
635,Vondrozo,-22.8167,47.2833,70.07,96,99,3.09,MG,2021-10-24 22:14:48
636,Hit,33.6416,42.8251,69.58,22,0,8.28,IQ,2021-10-24 22:14:49
637,Turayf,31.6725,38.6637,64.99,31,0,8.9,SA,2021-10-24 22:14:49
638,Sisophon,13.5859,102.9737,70.77,89,95,7.67,KH,2021-10-24 22:14:49
639,Diapaga,12.0708,1.7889,79.47,58,18,3.87,BF,2021-10-24 22:14:50
640,Luba,3.4568,8.5547,79.23,88,57,5.19,GQ,2021-10-24 22:14:51
641,Rocha,-34.4833,-54.3333,62.67,58,8,11.56,UY,2021-10-24 22:14:51
642,Boueni,-12.9025,45.0761,80.58,85,43,12.93,YT,2021-10-24 22:14:52
643,Arkhangelsk,64.5401,40.5433,30.31,86,90,13.42,RU,2021-10-24 22:14:52
644,Gobabis,-22.45,18.9667,67.06,14,0,4.32,NA,2021-10-24 22:14:53
645,Shasta Lake,40.6804,-122.3708,58.35,93,100,4.0,US,2021-10-24 22:14:53
646,Ugoofaaru,5.6667,73.0,82.11,75,67,14.32,MV,2021-10-24 22:14:54
647,Lerici,44.0759,9.9112,60.6,73,100,10.33,IT,2021-10-24 22:14:54
648,Hobbs,32.7026,-103.136,84.81,14,1,5.01,US,2021-10-24 22:14:55
649,Trairi,-3.2778,-39.2689,80.1,71,2,11.59,BR,2021-10-24 22:12:01
650,Mildura,-34.2,142.15,54.07,50,0,12.66,AU,2021-10-24 22:14:55
651,Ishigaki,24.3448,124.1572,77.43,74,88,18.25,JP,2021-10-24 22:14:56
652,Zeya,53.75,127.2667,33.44,95,87,3.09,RU,2021-10-24 22:12:19
653,Karlivka,49.4567,35.1295,39.31,66,95,9.6,UA,2021-10-24 22:14:56
654,Vila Velha,-20.3297,-40.2925,78.75,83,20,13.8,BR,2021-10-24 22:14:57
655,Sao Joao Da Barra,-21.6403,-41.0511,75.27,92,100,11.72,BR,2021-10-24 22:14:57
656,Inuvik,68.3499,-133.7218,27.45,92,100,2.55,CA,2021-10-24 22:12:35
657,Ternate,0.8,127.4,79.93,80,70,4.85,ID,2021-10-24 22:14:58
658,Matias Romero,16.8833,-95.0333,82.81,71,68,10.33,MX,2021-10-24 22:14:58
659,Rabo De Peixe,37.8,-25.5833,62.11,77,20,6.91,PT,2021-10-24 22:14:59
660,Herat,34.5,62.0,53.47,22,0,5.75,AF,2021-10-24 22:14:59
661,Volokolamsk,56.0336,35.9694,28.69,88,32,7.34,RU,2021-10-24 22:15:00
662,Santarem,-2.4431,-54.7083,80.73,89,20,2.3,BR,2021-10-24 22:15:00
663,Simao,22.7886,100.9748,60.24,100,100,1.83,CN,2021-10-24 22:15:01
664,Siparia,10.1333,-61.5,81.07,89,100,11.32,TT,2021-10-24 22:15:02
665,Dzhebariki-Khaya,62.2167,135.8,27.72,98,100,4.59,RU,2021-10-24 22:12:16
666,Calera,33.1029,-86.7536,70.2,80,1,3.0,US,2021-10-24 22:15:02
667,Puksoozero,62.5903,40.6066,25.88,77,18,7.14,RU,2021-10-24 22:15:03
